id,first_name
1,Christina
2,Peter
3,Sean
4,Amanda
5,Eugene
6,Kathy
7,Theresa
8,Denise
9,Rachel
10,Craig
11,Johnny
12,Ralph
13,Anne
14,Gerald
15,Earl
16,Heather
17,David
18,Melissa
19,Helen
20,Karen
21,Gary
22,Jose
23,Philip
24,Craig
25,Steven
26,Michael
27,Bobby
28,Mildred
29,Jesse
30,Tina
31,Jerry
32,Kevin
33,Donald
34,Jeffrey
35,Roger
36,Billy
37,Anne
38,Walter
39,Jerry
40,Andrew
41,Lawrence
42,Lisa
43,Louis
44,Evelyn
45,Randy
46,Anna
47,Peter
48,Diana
49,Justin
50,Jason
51,Dorothy
52,Phillip
53,Dorothy
54,Kathryn
55,Peter
56,Ronald
57,Adam
58,John
59,Brenda
60,Nicole
61,Wanda
62,Judy
63,Virginia
64,Jack
65,Susan
66,Gloria
67,Marilyn
68,Randy
69,Sarah
70,Gregory
71,Kathryn
72,Margaret
73,Ruby
74,Mark
75,Lillian
76,Cheryl
77,Brenda
78,Laura
79,Tammy
80,Clarence
81,Gloria
82,Marie
83,Bonnie
84,Kenneth
85,Carol
86,Christina
87,Patrick
88,Stephen
89,Peter
90,Robert
91,Mildred
92,Bruce
93,Denise
94,Kathleen
95,Earl
96,Kathy
97,Marie
98,Sean
99,Philip
100,Beverly
101,Ashley
102,Samuel
103,Joe
104,Heather
105,Eric
106,Ryan
107,Kathryn
108,Susan
109,Alice
110,Ernest
111,Kathy
112,Ann
113,Rebecca
114,Lois
115,Donald
116,Cheryl
117,Ruby
118,Antonio
119,Ann
120,Benjamin
121,Todd
122,Walter
123,Philip
124,Rebecca
125,Sharon
126,Nicholas
127,Clarence
128,Shawn
129,Lois
130,Lois
131,Wayne
132,Louise
133,Judith
134,Carolyn
135,Jerry
136,Donna
137,Lori
138,Jack
139,Sarah
140,Dorothy
141,Donna
142,Anne
143,Cheryl
144,Ruby
145,Jonathan
146,Rose
147,Gary
148,Bruce
149,Jacqueline
150,Richard
151,Marie
152,Russell
153,Carolyn
154,Louis
155,Paula
156,Howard
157,Jimmy
158,Dennis
159,Margaret
160,David
161,Eugene
162,Emily
163,Michael
164,Mark
165,Betty
166,Jane
167,Chris
168,Scott
169,Deborah
170,Jason
171,Harold
172,Sara
173,Kenneth
174,Jose
175,Dennis
176,Randy
177,Douglas
178,Bruce
179,Nicholas
180,Denise
181,Ruby
182,Jimmy
183,Stephen
184,Elizabeth
185,Jeremy
186,Barbara
187,Ryan
188,Irene
189,Kenneth
190,Earl
191,Marilyn
192,Melissa
193,Amanda
194,Judith
195,Wanda
196,Lois
197,Karen
198,Juan
199,Philip
200,Ann
201,Ralph
202,Kimberly
203,Jesse
204,Melissa
205,Jean
206,Andrea
207,Martha
208,Eric
209,Melissa
210,Antonio
211,Karen
212,Lori
213,Carlos
214,John
215,Ryan
216,Lois
217,Ralph
218,Marilyn
219,Kelly
220,Adam
221,Helen
222,Raymond
223,Mary
224,Frances
225,Louise
226,Juan
227,Gloria
228,Joshua
229,Christine
230,Charles
231,Tammy
232,Kathleen
233,Eric
234,Barbara
235,Julie
236,Debra
237,Justin
238,Angela
239,Ann
240,Gloria
241,James
242,Daniel
243,Annie
244,Jennifer
245,Clarence
246,Nicole
247,Billy
248,Jason
249,Elizabeth
250,James
251,Daniel
252,Evelyn
253,Joan
254,Gregory
255,Kevin
256,Irene
257,Annie
258,Peter
259,Jean
260,Ruby
261,Sharon
262,Ryan
263,Gloria
264,Ruth
265,Ryan
266,Louis
267,Bobby
268,Elizabeth
269,Linda
270,Jason
271,Fred
272,Barbara
273,Pamela
274,Kenneth
275,Nicole
276,Gary
277,Jennifer
278,Patricia
279,Walter
280,Patricia
281,Carolyn
282,Debra
283,Johnny
284,Doris
285,Gary
286,Virginia
287,Paula
288,Frances
289,Kimberly
290,Maria
291,Cynthia
292,Gregory
293,Richard
294,Stephen
295,Kimberly
296,Kathleen
297,Amy
298,Ernest
299,Judy
300,Betty
301,Andrew
302,Louise
303,Matthew
304,Richard
305,Louise
306,Janice
307,Michelle
308,Patricia
309,Shirley
310,Doris
311,Kathleen
312,Laura
313,Martin
314,Lois
315,Christopher
316,Patricia
317,Mary
318,Patrick
319,Todd
320,Arthur
321,Gerald
322,Adam
323,Steven
324,Larry
325,Jason
326,Daniel
327,Robin
328,Carl
329,Johnny
330,Joseph
331,Joe
332,Jesse
333,Barbara
334,Donna
335,Ernest
336,Thomas
337,Sarah
338,Dorothy
339,Christopher
340,Ralph
341,Andrew
342,Stephanie
343,Maria
344,Fred
345,Gregory
346,Victor
347,Linda
348,Elizabeth
349,Katherine
350,Steven
351,Diane
352,Jimmy
353,Jane
354,Daniel
355,Beverly
356,Matthew
357,Jean
358,Theresa
359,Robert
360,Janice
361,Eugene
362,Willie
363,Jane
364,Juan
365,Billy
366,Dennis
367,Patricia
368,Elizabeth
369,Kathryn
370,Brian
371,Denise
372,Aaron
373,Russell
374,Jacqueline
375,Mildred
376,Kimberly
377,Diana
378,Frank
379,Fred
380,Catherine
381,Phyllis
382,Lawrence
383,Harold
384,Kathryn
385,Carol
386,Ernest
387,Christopher
388,Cynthia
389,Michelle
390,Henry
391,Alice
392,Irene
393,Jeremy
394,Brian
395,Peter
396,Roger
397,Carolyn
398,Shawn
399,Patricia
400,Frank
401,Sharon
402,Brenda
403,John
404,Thomas
405,Joyce
406,Rebecca
407,Janice
408,Jose
409,Jerry
410,Jack
411,Martha
412,Joseph
413,David
414,Lawrence
415,Howard
416,Shirley
417,Larry
418,Jessica
419,Harold
420,Julia
421,Roy
422,Christina
423,Cheryl
424,Michelle
425,Robert
426,Andrea
427,Henry
428,Stephen
429,Mark
430,Doris
431,Daniel
432,Emily
433,Evelyn
434,Susan
435,Anna
436,Mildred
437,Edward
438,Barbara
439,Stephanie
440,Susan
441,Linda
442,Bonnie
443,Melissa
444,Daniel
445,Donna
446,Jason
447,Albert
448,Juan
449,Donna
450,Dorothy
451,Bonnie
452,Tammy
453,Patricia
454,Brian
455,Lois
456,Jeffrey
457,Jose
458,David
459,Matthew
460,Arthur
461,Michael
462,Howard
463,Elizabeth
464,Craig
465,Clarence
466,Tammy
467,Christina
468,Jonathan
469,Shawn
470,Bonnie
471,Ernest
472,Jeffrey
473,Sharon
474,Nicholas
475,Louis
476,Larry
477,Norma
478,Norma
479,Brandon
480,Anna
481,Pamela
482,Larry
483,Sandra
484,Ryan
485,Robert
486,Linda
487,Kenneth
488,Jeffrey
489,David
490,Patricia
491,Denise
492,Kimberly
493,Alice
494,Randy
495,Gloria
496,Gary
497,Denise
498,Andrea
499,Ryan
500,Emily
501,Ann
502,Barbara
503,Willie
504,Cheryl
505,Philip
506,Jose
507,Carl
508,Carlos
509,Daniel
510,Andrew
511,Pamela
512,Keith
513,Joe
514,Deborah
515,Mildred
516,Kelly
517,Joe
518,Larry
519,Anne
520,Philip
521,Charles
522,Kathleen
523,Richard
524,Adam
525,Donald
526,Jessica
527,Anthony
528,Melissa
529,Kathleen
530,Judy
531,Deborah
532,Christopher
533,Ralph
534,Jason
535,Donald
536,Walter
537,Todd
538,Phyllis
539,Tammy
540,Joyce
541,Jack
542,Marie
543,Shirley
544,Irene
545,Ryan
546,Phillip
547,Evelyn
548,Christopher
549,Laura
550,Michael
551,Rose
552,Steve
553,Larry
554,Ruth
555,Earl
556,Louis
557,Diane
558,Wayne
559,Helen
560,Frank
561,Kathleen
562,Susan
563,Jacqueline
564,Steve
565,Helen
566,Billy
567,Antonio
568,Emily
569,Anthony
570,Susan
571,Alice
572,Carolyn
573,Sean
574,Anna
575,Bruce
576,Julie
577,Peter
578,Cheryl
579,Carolyn
580,Andrew
581,Bruce
582,Dennis
583,Clarence
584,Ruby
585,Melissa
586,Russell
587,Larry
588,Norma
589,Albert
590,Doris
591,Robert
592,Stephen
593,Shawn
594,Raymond
595,Sean
596,Sandra
597,Judith
598,Harry
599,Judy
600,Mark
601,Ruby
602,Linda
603,Jeffrey
604,Julia
605,Benjamin
606,Shawn
607,Janet
608,Mildred
609,Karen
610,Irene
611,Stephanie
612,Wanda
613,Scott
614,Patricia
615,Nicholas
616,Shirley
617,Antonio
618,Timothy
619,Tammy
620,Raymond
621,Gregory
622,Diana
623,Todd
624,Rachel
625,Denise
626,Nicholas
627,Kathryn
628,Gloria
629,Gloria
630,Amy
631,Gregory
632,Mildred
633,Patrick
634,Jeremy
635,Matthew
636,Stephanie
637,Randy
638,Billy
639,Katherine
640,Gloria
641,Eric
642,Jimmy
643,Cheryl
644,Karen
645,Eric
646,Patricia
647,Aaron
648,Ashley
649,Louise
650,Paula
651,Stephen
652,John
653,Denise
654,Ruth
655,Julia
656,Christopher
657,Jose
658,Gary
659,Robert
660,Emily
661,Wayne
662,Kimberly
663,Jeremy
664,Harold
665,Jane
666,Benjamin
667,Margaret
668,Shawn
669,Martin
670,Jose
671,Randy
672,Roger
673,Judith
674,Gerald
675,Kevin
676,Denise
677,Christopher
678,Lois
679,Eugene
680,Ruth
681,Kathy
682,Norma
683,Sarah
684,Fred
685,Christopher
686,Juan
687,Jessica
688,Willie
689,Carol
690,Keith
691,Robert
692,Tina
693,Ernest
694,John
695,Bruce
696,Anthony
697,Debra
698,Brian
699,Kimberly
700,Sharon
701,Albert
702,Donald
703,Victor
704,Lori
705,Randy
706,Sean
707,Doris
708,Marilyn
709,Sandra
710,Linda
711,Katherine
712,Jack
713,Emily
714,Nicholas
715,Earl
716,Amy
717,Antonio
718,Richard
719,Johnny
720,Lillian
721,Kelly
722,Amanda
723,Kathryn
724,Steven
725,Gloria
726,Ruby
727,Kimberly
728,Juan
729,Karen
730,Howard
731,Jimmy
732,Julia
733,Walter
734,Steven
735,Janice
736,Marilyn
737,Tina
738,Frances
739,Eric
740,John
741,Mary
742,Louis
743,Tammy
744,Michelle
745,Kenneth
746,Robin
747,Jose
748,Craig
749,Charles
750,Brandon
751,George
752,Nicholas
753,Brenda
754,Kevin
755,Martin
756,Joan
757,Donald
758,Diane
759,Nancy
760,Henry
761,Tammy
762,Lillian
763,Steven
764,Jerry
765,Ashley
766,Ernest
767,Lawrence
768,Mary
769,Patricia
770,Kathleen
771,Bruce
772,Dennis
773,Lawrence
774,Elizabeth
775,Raymond
776,Brandon
777,Patricia
778,George
779,Ruby
780,Victor
781,Beverly
782,Juan
783,Katherine
784,Timothy
785,Jennifer
786,Daniel
787,Heather
788,Eric
789,Nicole
790,Clarence
791,Julie
792,Robin
793,Peter
794,Norma
795,Judy
796,Roy
797,Barbara
798,Mary
799,Ryan
800,Shirley
801,Aaron
802,Ernest
803,Patricia
804,William
805,Wanda
806,Sarah
807,Ryan
808,Philip
809,Gary
810,Nancy
811,Antonio
812,Melissa
813,Joan
814,Rose
815,Keith
816,Jeffrey
817,Heather
818,Debra
819,Tammy
820,Timothy
821,Deborah
822,Lois
823,Alice
824,Anthony
825,Joan
826,Janet
827,Lois
828,Teresa
829,Antonio
830,Edward
831,Sharon
832,Diane
833,Anna
834,Kenneth
835,Anthony
836,Sean
837,Ruth
838,Joan
839,Walter
840,Cheryl
841,Evelyn
842,Christina
843,Ruth
844,Ernest
845,Donald
846,Victor
847,Eric
848,Justin
849,Mary
850,Bonnie
851,Gary
852,Larry
853,Juan
854,Brian
855,Judy
856,Jacqueline
857,Lawrence
858,Laura
859,Janice
860,Tina
861,Doris
862,Julia
863,Cynthia
864,Christopher
865,Nicholas
866,Kevin
867,Annie
868,Nicholas
869,Walter
870,Ryan
871,Gerald
872,Gerald
873,Stephanie
874,David
875,Nicholas
876,Howard
877,Susan
878,Julia
879,Amanda
880,Louis
881,Jesse
882,Louis
883,Frances
884,Laura
885,Deborah
886,Ryan
887,Randy
888,Annie
889,Alan
890,Stephen
891,Laura
892,Arthur
893,Judith
894,Pamela
895,Harold
896,Alan
897,Teresa
898,Scott
899,Judith
900,John
901,Howard
902,Judith
903,Ruby
904,Jerry
905,Shawn
906,Shawn
907,Louis
908,Norma
909,Brian
910,Anthony
911,Sarah
912,Norma
913,Louise
914,Stephen
915,Steve
916,Richard
917,Louise
918,Chris
919,Andrea
920,Benjamin
921,Martin
922,Eric
923,Stephanie
924,Dennis
925,Wanda
926,John
927,Antonio
928,Jose
929,Pamela
930,Roger
931,Jeffrey
932,Anthony
933,Emily
934,Patricia
935,Edward
936,Kevin
937,Antonio
938,Aaron
939,Betty
940,Bruce
941,Rebecca
942,Sharon
943,Debra
944,Willie
945,Clarence
946,Christopher
947,Evelyn
948,Amanda
949,William
950,Denise
951,Jacqueline
952,Mark
953,Barbara
954,Marilyn
955,Anne
956,Earl
957,Annie
958,Jeffrey
959,Johnny
960,Diana
961,Bonnie
962,Timothy
963,Sandra
964,Doris
965,Heather
966,Stephen
967,Virginia
968,Mark
969,Dennis
970,Johnny
971,Jane
972,Lawrence
973,Amanda
974,Terry
975,Joyce
976,Marilyn
977,Maria
978,Anna
979,Beverly
980,Tina
981,Rachel
982,Anthony
983,Stephanie
984,Donald
985,Kelly
986,Katherine
987,Harry
988,Joan
989,Shirley
990,Margaret
991,Tina
992,Lori
993,Jane
994,William
995,Albert
996,Betty
997,Anna
998,Craig
999,Anthony
1000,Sarah